close,volume,open,high,low,label
0.7701704071,0.09475294122,0.7731480778,0.7794177874,0.7729750305,
0.7897907467,0.0846908094,0.7511971178,0.776528406,0.7506546894,1
0.7594725421,0.1069858239,0.7760515635,0.7743150706,0.7638093788,0
0.7787742219,0.1025974572,0.8003587553,0.79313595,0.7771163216,1
0.7939333242,0.1371341063,0.7752914887,0.790847331,0.7658495737,1
0.7653146386,0.1598181564,0.7692260918,0.7675244973,0.7614646772,0
0.7634937254,0.3974701582,0.8094796528,0.8044284776,0.7542783191,1
0.8355260163,0.1648388236,0.848790721,0.8431543192,0.8305724726,1
0.8438870427,0.1280293183,0.8550841403,0.8576539247,0.8440773447,1
0.8662539263,0.1143094613,0.8359302555,0.8603867164,0.8419610231,1
0.8425517063,0.07617484468,0.8481370567,0.835189323,0.8389844702,0
0.8457079559,0.1679496968,0.8085219586,0.8358668746,0.8116321559,1
0.7908074233,0.0627614921,0.7866774091,0.7837104536,0.7788672351,0
0.7775906284,0.06103087657,0.7925755894,0.7884984853,0.7731425091,0
0.782507094,0.07814364335,0.76849642,0.7798709942,0.7707897381,1
0.7634785512,0.08929844385,0.7729808613,0.765829263,0.762317296,0
0.7811869319,0.1370458346,0.7706246295,0.7732309879,0.7554202192,1
0.7566197782,0.1140059684,0.7559703875,0.7782298135,0.759591961,0
0.7438582116,0.1142143198,0.7608348662,0.76591343,0.7427679659,0
0.775375184,0.07702208403,0.7932596568,0.7830329019,0.7688049635,1
0.7713236521,0.1823023247,0.7204140887,0.7618443558,0.7274969549,1
0.7535242257,0.1641812085,0.7515771552,0.7502092882,0.7291260658,0
0.7429932778,0.2025159894,0.765121688,0.7710025958,0.7234926918,0
0.7814145461,0.2058274031,0.7481112141,0.7833490927,0.7425700365,1
0.740094991,0.2651749997,0.7273915753,0.7550876601,0.7086784409,0
0.7409144019,0.240384191,0.8262012982,0.8162318793,0.7334652862,0
0.8139178465,0.1944787436,0.8003587553,0.8023657093,0.7509439708,1
0.7659064354,0.1524404079,0.8019245094,0.8140045411,0.7704628502,0
0.8076508702,0.1936158826,0.8549017223,0.8434253398,0.8080542022,1
0.8710793463,0.1271443423,0.8714105468,0.8786578756,0.8677984166,1
0.8814433772,0.1199842617,0.8809266832,0.8770017887,0.865225335,1
0.8846451495,0.1720229013,0.9128650259,0.902281994,0.8736753959,0
0.9391359767,0.1964609054,0.9647477312,0.9533091623,0.9390682095,1
0.9601523497,0.08192370668,0.9583935059,0.9611386481,0.9429963459,1
0.9600157812,0.07184218894,0.9511727954,0.957389529,0.953501827,0
0.9428385002,0.1267568124,0.9888573036,0.9847475593,0.9411540804,0
0.9827923704,0.14862449,0.9795083836,0.9851842037,0.9778319123,1
0.976024643,0.15002451,0.9371722177,0.9607170604,0.9398303898,0
0.9243714056,0.08152488402,0.9057355244,0.9107288047,0.9098964677,0
0.8995462891,0.07060007941,0.8660140158,0.8875715946,0.8683043544,0
0.8774221939,0.09127034802,0.8812611161,0.871957793,0.874840134,0
0.8711552177,0.05784801206,0.8446559141,0.8648058589,0.8432096529,1
0.8529309115,0.1641375432,0.8111214143,0.8420681286,0.8114113886,0
0.8386670915,0.1867680468,0.89441041,0.8844096869,0.8401659562,0
0.8920957193,0.1267154997,0.9174558777,0.9106234078,0.8953410475,1
0.9126720384,0.1172228994,0.9451378016,0.9354820253,0.9178136419,1
0.9513057465,0.09294854633,0.9247069912,0.9353615717,0.9310520706,1
0.9255701734,0.06241216938,0.9016615235,0.9102469902,0.8975845006,0
0.8949788319,0.07362061049,0.9070580545,0.9035317004,0.8943514007,0
0.9021259161,0.0922175283,0.8922822006,0.9203199248,0.900045676,1
0.8886511586,0.08114488263,0.8681118222,0.8901764043,0.8729293544,0
0.8770276627,0.1085102525,0.8648282991,0.8762037834,0.872614799,0
0.8690156447,0.1184167324,0.850630102,0.8563430881,0.8361144945,0
0.8389402285,0.09603005832,0.8048431966,0.8265919453,0.8093331303,0
0.8122335018,0.06461124625,0.7988386057,0.806491246,0.8052789281,0
0.8119907133,0.1436795785,0.8033990545,0.8112039942,0.8004689403,0
0.7905039377,0.2801307551,0.7566544548,0.7848095929,0.7268270402,0
0.7354820109,0.214813429,0.8146633629,0.8068676636,0.7391595615,0
0.8068921564,0.1718174672,0.8543848715,0.841738989,0.8116321559,1
0.85548019,0.2733873773,0.7717495402,0.8416335921,0.7733810901,1
0.8178479841,0.3051143877,0.8681574267,0.8842290064,0.8173721072,0
0.9029756756,0.4056694551,0.9158901236,0.903908118,0.9014888855,1
0.9876481389,0.1743788535,0.9776233981,0.9805919091,0.9779841657,1
0.9910471768,0.09378609272,0.9897237888,0.9790862388,0.9804354446,0
0.981563254,0.09547539557,0.985558579,0.9843861984,0.9871193666,0
0.9996054688,0.07623563737,0.9987078729,1,1,1
1,0.1368259081,0.9965796634,0.9833623426,0.9788824604,0
0.9916996707,0.08792307974,0.992703282,0.9835129096,0.9859622412,0
0.9823978392,0.08052500419,1,0.9894151374,0.9833587089,1
0.9910926997,0.07365128916,0.9734277853,0.9770183511,0.9798568819,1
0.969605924,0.1024721076,0.9394372406,0.9593318437,0.9438643423,0
0.9418369979,0.08120388731,0.930833194,0.9261769825,0.9334957369,0
0.9301224564,0.06283668306,0.9301947312,0.9181216461,0.9170523752,0
0.933445623,0.06335737342,0.9223051548,0.9182571565,0.9163063337,1
0.9179375123,0.09781779639,0.9318668957,0.9292636067,0.9175572473,0
0.9186962262,0.1121058674,0.8861103933,0.9057450358,0.8921589525,1
0.8932944872,0.04239528106,0.8920237751,0.878996802,0.8897838002,0
0.8888787727,0.04846946866,0.878038399,0.8760983865,0.8844853837,0
0.8944173837,0.0350890533,0.8967362388,0.8850872385,0.892281821,0
0.8954492345,0.04889238253,0.8858367663,0.8861412078,0.8928745432,1
0.8883021502,0.07084014467,0.8733259353,0.8755714019,0.878227771,0
0.8642812704,0.04476845465,0.8642050378,0.8594906919,0.8660500914,0
0.858332954,0.08493416838,0.8281926942,0.8485295623,0.8343940317,0
0.8318083185,0.06673814357,0.8039159053,0.819394841,0.8070188794,0
0.8035841641,0.03384270898,0.801453263,0.7934370841,0.8065164434,0
0.8062244882,0.02877658845,0.808871593,0.8010407193,0.806318514,0
0.8080909243,0.07006753165,0.817673259,0.806491246,0.8113124239,1
0.8192743661,0.02200902536,0.8187069608,0.8091261692,0.8145858709,1
0.8244032716,0.02144363449,0.8233282155,0.8152693042,0.8286540804,0
0.8297294426,0.04322539305,0.8291655899,0.8229933931,0.8322378197,0
0.8317324472,0.06973863,0.8395482115,0.8290913581,0.8318209501,0
0.8404273076,0.07346608789,0.8447471231,0.8343009775,0.8349116931,1
0.8502298903,0.09643951499,0.8308833589,0.8367853336,0.8325517661,1
0.8305792021,0.2585917909,0.8134472432,0.8204186968,0.8135200974,0
0.8077570902,0.09706701604,0.7988386057,0.8066869832,0.8037911084,0
0.794798258,0.06522896025,0.8005411733,0.7888673745,0.796589525,0
0.7946009924,0.07079506774,0.7906754025,0.794355543,0.7894483861,1
0.7955417975,0.06242110948,0.7843971847,0.784553629,0.786952497,0
0.7893962155,0.07163336698,0.7874222824,0.7819187058,0.7876708283,0
0.7801095583,0.08760565907,0.7614885305,0.7701594204,0.7656683922,0
0.7610658412,0.06881742307,0.7327120989,0.7562018562,0.7398903776,0
0.7409902733,0.1448319106,0.7242600672,0.7496371334,0.7203105968,0
0.7311725164,0.1297571106,0.7496769682,0.7428465601,0.731409866,0
0.7486077601,0.1300303954,0.7544502379,0.752467342,0.7412302071,1
0.765663647,0.1125304752,0.7644376207,0.7615016653,0.7609926918,1
0.7660430039,0.1802843084,0.7953118587,0.7849752167,0.7619823386,0
0.8051167661,0.08411262006,0.814176915,0.8125214558,0.7990560292,1
0.8154352741,0.07342628091,0.7912378578,0.8021097453,0.796680877,1
0.794798258,0.0009197012274,0.78495964,0.783617102,0.7914433618,0
0.7877422194,0.02062133332,0.7836371099,0.7783894145,0.7860079172,0
0.7855116007,0.05354067092,0.7658665613,0.7714693536,0.7726476857,0
0.7610658412,0.03492907252,0.761230105,0.7526484742,0.7647990256,0
0.7621432148,0.07902231421,0.7821321618,0.770430441,0.765179659,1
0.7824919197,0.05667093,0.7646656431,0.7726889466,0.7724421437,1
0.7649049332,0.0301807491,0.759633948,0.7548768663,0.7616321559,0
0.7726286399,0.04060547264,0.7647720536,0.7589722896,0.7596985384,0
0.772249283,0.03372225286,0.7660337777,0.7661543372,0.7725182704,0
0.7757697152,0.01820496492,0.7706550325,0.7649196875,0.7766443362,0
0.7806103094,0.06751922616,0.7821017588,0.7697830028,0.7680962241,0
0.793645013,0.05280984111,0.7768268398,0.7841350526,0.7814707674,1
0.7837513847,0.05504279627,0.7718863536,0.7697528894,0.7764159562,0
0.7724768972,0.05623173572,0.7745010109,0.7711079927,0.7762180268,0
0.7824615711,0.05156189698,0.7640423818,0.7677654045,0.7690773447,1
0.7719913203,0.04906337375,0.7635103294,0.7608995477,0.7579628502,0
0.7718699261,0.07946301419,0.7565936488,0.7632785069,0.7639616322,0
0.7584255171,0.07566544708,0.7535685511,0.7547413559,0.7540194884,0
0.7591387081,0.1464545861,0.7517139687,0.7562018562,0.7495736906,0
0.7624163518,0.4365309694,0.7444020492,0.7914646559,0.7506394641,0
0.691537306,0.1411590343,0.7000288828,0.699934955,0.6958282582,0
0.6927057253,0.06428827331,0.6823495432,0.6826046893,0.6780452192,1
0.6884721021,0.0638841807,0.684827387,0.6767928017,0.6787758831,0
0.6853006783,0.08886658987,0.7145007069,0.7028258421,0.6865712546,0
0.7152698745,0.06107068355,0.7143790949,0.7050542342,0.7146772229,1
0.7095795208,0.07391892758,0.7091497803,0.7018622131,0.7052527406,0
0.722265216,0.04988219298,0.7179210434,0.7136666687,0.7183232339,0
0.7213092366,0.07179645326,0.715671222,0.713245081,0.7207825822,0
0.7210360996,0.03604489136,0.7184226928,0.7094304651,0.7137941535,0
0.7175156674,0.06045024047,0.7182706778,0.7144044471,0.721406821,0
0.7147084263,0.07068646902,0.7113539972,0.7097519258,0.715316687,1
0.7168631735,0.109692228,0.6904823435,0.7046175898,0.6959043849,0
0.6915980031,0.04149054274,0.7000288828,0.6908557628,0.6865105055,0
0.6982746848,0.0341979604,0.7000288828,0.696660122,0.7017813642,1
0.701142623,0.05825031664,0.6798108934,0.6876787984,0.6823690621,1
0.6875919941,0.06429382558,0.6627700166,0.6748053168,0.6699147381,0
0.6598534165,0.03995218645,0.6650654424,0.6589656647,0.6630785627,0
0.6691248995,0.03397991601,0.6605049937,0.6553671125,0.6607186358,1
0.6622661265,0.07110928879,0.6695954882,0.662202856,0.6587393423,0
0.671127904,0.09873091018,0.6574646945,0.6580568421,0.6643270402,1
0.6565454242,0.04421238031,0.641290303,0.6443606623,0.6476400731,0
0.6489431116,0.1609514791,0.6205858656,0.6431711827,0.628136419,0
0.6191560067,0.1072366173,0.6144748643,0.6144429923,0.6180876979,0
0.6132532132,0.1250220562,0.6171047231,0.6077879293,0.6006699147,0
0.6247249662,0.04940083907,0.6206010671,0.6203301634,0.6262180268,1
0.6306732827,0.06585900217,0.6285818525,0.62304037,0.622183313,0
0.6293531206,0.09489711213,0.6133499536,0.6190503436,0.6193970767,0
0.6145278524,0.0363009547,0.604897922,0.6017952108,0.6050091352,0
0.60419417,0.07279463918,0.6088351094,0.6012834334,0.6020401949,0
0.6122213623,0.1856005636,0.6159038049,0.6079234397,0.6108099878,1
0.6195353637,0.08171008529,0.6259215907,0.6173790495,0.6224421437,1
0.6346792917,0.05400969691,0.6250247024,0.6241244527,0.63136419,1
0.6300966601,0.0570674941,0.6279585911,0.6184480755,0.6222305116,0
0.6255595514,0.06952547915,0.6304820394,0.6258258602,0.6268879415,0
0.6216445881,0.04427477281,0.6338871745,0.6237329784,0.6237819732,1
0.6359842794,0.0643921667,0.6266512625,0.6228596896,0.621863581,1
0.6236324183,0.09401091276,0.6242494261,0.614586031,0.6152405603,0
0.624603572,0.07712654206,0.6287034644,0.6237480351,0.6193361754,1
0.6380935039,0.03918907817,0.6409406686,0.6319991086,0.6394183922,1
0.6411131849,0.09783906442,0.626696867,0.6312462735,0.6342570037,1
0.626303091,0.07278118197,0.6088959154,0.6144414866,0.615819123,0
0.61373879,0.06156135399,0.5861696791,0.6031655214,0.5935140073,0
0.6023884311,0.05249166759,0.6027393095,0.597014858,0.6039738124,0
0.6055446807,0.04945673823,0.6141252299,0.6065156379,0.609500609,1
0.6137236157,0.06954157133,0.6219844033,0.6144731057,0.609500609,1
0.6224033019,0.05282678025,0.6117537966,0.6131029457,0.6153775883,1
0.618898044,0.06014307739,0.5977532189,0.6069748674,0.6033725639,0
0.5915388234,0.03906401085,0.5936184121,0.5876119466,0.5910779537,0
0.5976237083,0.07667473754,0.5940896584,0.5910373466,0.5967940012,1
0.5980941109,0.06724452976,0.6176063725,0.6084805377,0.6026187576,0
0.6223426048,0.04498640493,0.6168614992,0.6172736526,0.6215971376,1
0.6151499977,0.03343184071,0.6152501406,0.6080136293,0.6160779537,0
0.6158328402,0.05045802966,0.6126658863,0.6051801083,0.6135962241,1
0.6032685392,0.06384446782,0.5905325084,0.5948090509,0.5943970767,0
0.5924189314,0.115590625,0.6050955414,0.597037443,0.5952344702,0
0.6161818485,0.06249686508,0.6097471991,0.6071555478,0.6121651949,1
0.6220846421,0.049888404,0.6195977684,0.6219623101,0.6248926614,0
0.6259844312,0.04747542342,0.6225924631,0.6157679822,0.6262484775,0
0.6238600325,0.05219052731,0.6190809176,0.6136702823,0.6209652862,0
0.6173199193,0.06345552633,0.6245382546,0.6165810442,0.6197624848,0
0.6275473817,0.1218723171,0.6219083958,0.6171230855,0.6112971985,1
0.6282150498,0.06656978733,0.6276393597,0.6244210697,0.6304506699,0
0.6277142987,0.1352802115,0.6420959822,0.6336704027,0.6255481121,0
0.6444515258,0.1199968719,0.623109314,0.6340317636,0.627771011,1
0.633161864,0.2448266688,0.6571302616,0.6460018429,0.6163520097,0
0.6539657972,0.1451238284,0.6615386954,0.6508501015,0.650272229,1
0.6583663374,0.3886013888,0.6602161653,0.6579267521,0.6550243605,1
0.7033428931,0.2520309794,0.6882021191,0.6978270165,0.6936510353,1
0.6920835799,0.1101013083,0.6730462277,0.678298472,0.6774817296,0
0.68484545,0.1028970918,0.6924281349,0.6823186119,0.6795523752,0
0.6890032018,0.06530339836,0.6815438639,0.6780123947,0.6833891596,1
0.6806725239,0.05886520745,0.6589848441,0.6704840429,0.6629415347,0
0.6624937406,0.05993801968,0.6650654424,0.6594926493,0.6608719549,0
0.6663935297,0.04946530191,0.6574646945,0.6537259319,0.6589905603,1
0.6529946435,0.07222200212,0.6487846404,0.6500219828,0.6513855055,0
0.6479416094,0.09316009737,0.6372163021,0.6377507694,0.6383830694,0
0.6270921534,0.05507046353,0.6233221349,0.6153614512,0.6193970767,0
0.6251346717,0.06239381864,0.6115105726,0.6137804974,0.615727771,0
0.6096417353,0.1000569626,0.59187024,0.6004703714,0.5993757613,0
0.5915843462,0.08441968904,0.5846799325,0.590539572,0.5854445798,0
0.5992018331,0.121028842,0.5810923795,0.5898855088,0.5836175396,0
0.5794600992,0.1113419121,0.5969323381,0.5890272767,0.5779689403,0
0.5946798986,0.1467227892,0.6180168129,0.6072609447,0.5985535932,1
0.6084277932,0.2598057626,0.6238997917,0.6151054873,0.6020706456,1
0.642873401,0.2062801487,0.6225012541,0.6324056396,0.6102618758,1
0.622904053,0.1918662576,0.6429624675,0.6407470534,0.6267813642,0
0.6607486988,0.1006411747,0.6846753721,0.6784189257,0.6632308161,1
0.6809608352,0.09413362742,0.664807017,0.6674124754,0.6684226553,1
0.6680627001,0.03899917158,0.6676496967,0.6594625359,0.668955542,0
0.6716438294,0.0634980624,0.6599577398,0.6585290203,0.6631851401,0
0.6582601174,0.05630353886,0.6658559202,0.6608176392,0.66204324,0
0.6684875799,0.09349389255,0.6543635894,0.6583633966,0.6605816078,1
0.6417960274,0.2385191916,0.6392228995,0.6313366137,0.6340057856,0
0.6456351193,0.1447400628,0.6300563975,0.6332924795,0.6231120585,0
0.658457383,0.0903566696,0.6695042792,0.6601099742,0.65022838,0
0.6624633921,0.1398191483,0.6573278811,0.6583483398,0.6530298417,1
0.6465304017,0.3044538553,0.6385540337,0.6423505923,0.6090937881,0
0.6570461753,0.2614577053,0.706869556,0.6952673769,0.6401492083,0
0.708001396,0.0893942441,0.7036012344,0.6953727739,0.7034409257,1
0.7044657896,0.08657303023,0.6994968305,0.6947403923,0.7012637028,0
0.6976221909,0.1211242658,0.7048325555,0.7009136408,0.7003045067,0
0.7084111015,0.06819698,0.6947843668,0.6988960425,0.7002436054,1
0.696150286,0.1151391028,0.6840065062,0.6822884985,0.6863885505,0
0.6830245368,0.08297685069,0.68323123,0.6756936623,0.6772685749,0
0.679853113,0.1806797432,0.6924585379,0.687392721,0.6775274056,1
0.6965751658,0.08837196696,0.6852986334,0.682770313,0.6917021924,1
0.6898833098,0.06815199717,0.6843713421,0.6809333952,0.6849116931,0
0.6869546744,0.1065471002,0.6655670918,0.6773935642,0.6703562728,0
0.6648305792,0.04744700331,0.6589544411,0.6509856118,0.6612667479,0
0.6555135734,0.06984713461,0.6512624842,0.6455299659,0.6507232034,0
0.6449522769,0.0556387717,0.6316221516,0.6310999223,0.6391900122,0
0.6330404698,0.0811784786,0.6262560236,0.6248848162,0.6330998782,0
0.6273197675,0.1005841463,0.6103400575,0.6179813176,0.6144488429,0
0.6112046858,0.1722803763,0.6326406518,0.6272600112,0.6135200974,0
0.6466821444,0.04150701135,0.6392228995,0.632947681,0.6431181486,1
0.6376989727,0.05433436377,0.628505845,0.625630123,0.6305724726,0
0.6303242743,0.04923210641,0.6263472326,0.6183878486,0.6283038977,0
0.6278660415,0.02896348364,0.6169071037,0.6170176886,0.6209654385,0
0.6251043232,0.06085518004,0.6270312999,0.6162196833,0.6242082826,0
0.6302484029,0.09918930214,0.6345864433,0.6245008703,0.630861754,1
0.6334805238,0.075441474,0.6181232233,0.6236351098,0.6243605359,1
0.6226005675,0.1301579095,0.6294027332,0.6205861274,0.6242691839,0
0.6294745148,0.08419835094,0.6180472158,0.6221369678,0.6233404385,1
0.622463999,0.09131533085,0.601006339,0.6103475689,0.6049978685,0
0.6063792659,0.09565655027,0.5930407552,0.5993110052,0.60029324,0
0.6005068208,0.1493849633,0.5813660064,0.5916471431,0.5881090134,0
0.590476624,0.2537696881,0.5946217108,0.5934087775,0.5946863581,0
0.542358993,0.1394925052,0.5382849672,0.5309987413,0.5408038977,1
0.5385350753,0.0664862209,0.5392426615,0.531977427,0.5367967418,0
0.5394000091,0.1075514971,0.5252116808,0.5303964731,0.5292783191,1
0.5249237493,0.07947270714,0.5042336166,0.5130059805,0.5095615104,0
0.49522769,0.07492191291,0.4915859721,0.4835400117,0.4954628502,0
0.4928908514,0.04053828072,0.4893969567,0.4855274966,0.4935140073,0
0.4876709003,0.04019291046,0.4868887098,0.4810405989,0.4889007308,0
0.4855616758,0.029004514,0.4784214767,0.4760869434,0.4834500609,0
0.4860927755,0.03456685724,0.464420899,0.4743102524,0.4709043849,0
0.4654405851,0.05561665671,0.4600580697,0.4571907805,0.4662911084,0
0.4665938301,0.03508623011,0.4597388383,0.4576123682,0.4656516443,0
0.4651219253,0.05192110087,0.4639648541,0.4587667656,0.4595616626,0
0.4672159755,0.04249860981,0.4649985559,0.4616626214,0.4698386114,0
0.4671249298,0.04982638792,0.4689053403,0.4603602166,0.4648792631,0
0.4719958726,0.06841643597,0.4756548044,0.4722625407,0.4739342266,1
0.4773523922,0.09654745496,0.4803824696,0.4813869031,0.4804202192,1
0.4821474636,0.04867480868,0.4740738489,0.4704406796,0.4778567296,1
0.4881868257,0.1075754001,0.4708207288,0.4789778305,0.478136419,0
0.4745451511,0.08229909685,0.4704406914,0.4651106065,0.4753501827,0
0.4774889607,0.04969190997,0.477326969,0.4681821741,0.4778014616,0
0.4773523922,0.1183653503,0.4644056975,0.4668044857,0.4677224421,0
0.4614345761,0.1028873047,0.4574282109,0.456603569,0.4550045676,0
0.4592950031,0.1286915446,0.4369669976,0.4500388463,0.4387789281,0
0.4515864706,0.1367545755,0.4569265616,0.4504905474,0.447183313,0
0.4563663677,0.2783822594,0.4583250992,0.4514541764,0.4523096833,1
0.4745906739,0.08207822928,0.4749099311,0.4709977776,0.4750306029,1
0.475910836,0.1820159591,0.5045376465,0.4980245605,0.4778319123,1
0.5031334881,0.06496508608,0.5024246386,0.4930859617,0.5023903776,1
0.508778319,0.1115323834,0.5048568779,0.4978739935,0.5053745432,0
0.5037101106,0.04236300258,0.500934892,0.4940345341,0.5038824604,0
0.5013125749,0.08037669261,0.4987458766,0.4906919459,0.4957216809,0
0.4989150392,0.02378038894,0.4927412857,0.4885990641,0.4957673569,0
0.498793645,0.05860048632,0.4932885396,0.4907747577,0.4994975639,0
0.4953187357,0.1106227515,0.4921940319,0.4850908521,0.4937880633,0
0.4883840913,0.06909004913,0.4811273429,0.4807093514,0.4857338611,0
0.4833614057,0.04344673116,0.4773421705,0.4749125206,0.4820493301,0
0.4781111061,0.04802716888,0.4680540565,0.4677756431,0.4740255786,0
0.4718441298,0.05472998681,0.4673699892,0.4609549564,0.4677527406,0
0.4738167858,0.03419984252,0.4728577292,0.4646890188,0.4728547503,0
0.4761687987,0.03864015591,0.4778590213,0.4694318805,0.4787758831,0
0.4831641401,0.09116184342,0.4702582734,0.4720592752,0.4751522533,1
0.4649094854,0.1629424868,0.4653329888,0.4604430284,0.4644031669,0
0.4741202713,0.05400734425,0.4637216302,0.4633941423,0.4701887942,1
0.4731491176,0.08138466558,0.4685557059,0.4611356368,0.4704933009,0
0.477230998,0.08884758039,0.4721888634,0.4663452562,0.4684835566,0
0.4763660642,0.04289696194,0.469969445,0.4675347358,0.4772533496,0
0.4777317491,0.0689439961,0.469969445,0.4678358699,0.4768118149,0
0.4722841839,0.1011949905,0.4613958013,0.4597353634,0.4666184531,0
0.4663510417,0.07139810114,0.4566985391,0.4542095532,0.462545676,0
0.4584907665,0.07378811977,0.4558320539,0.4521016147,0.4617691839,0
0.4607213851,0.04961747186,0.4552848,0.4521016147,0.4580085262,0
0.4588852976,0.06386168928,0.4507243513,0.4490285415,0.4572320341,0
0.4504332256,0.05716752914,0.4441877081,0.4404326694,0.4485383678,0
0.4441965979,0.04357471577,0.4408585805,0.4335216425,0.4405602923,0
0.4424060333,0.05916173651,0.437043005,0.4352983335,0.4385053289,0
0.4402664603,0.0671010176,0.4324673548,0.4332807352,0.4363580999,0
0.4317233426,0.06170166654,0.4259459131,0.419985666,0.4264161084,0
0.4319509567,0.08789475373,0.4309472052,0.4265052187,0.4342113276,0
0.4274593709,0.09444549582,0.4169770305,0.4215365065,0.4214677223,0
0.4231574635,0.1412051464,0.4259155101,0.4192629442,0.4202344702,0
0.4248190468,0.1530859773,0.4216286883,0.4193532845,0.4192143727,1
0.4332104217,0.2556252768,0.4486873508,0.4413210149,0.4333434836,0
0.4650612282,0.2294092277,0.47916635,0.4806340679,0.4647685749,1
0.4784752887,0.2274944461,0.4838788137,0.47468667,0.47477162,1
0.483816634,0.1021647563,0.4714287886,0.4713290251,0.4718026797,1
0.4659109877,0.0889309586,0.4603012936,0.4564680587,0.4607810597,0
0.4589915176,0.1350692251,0.4374230424,0.4488945368,0.4393422655,0
0.4373074764,0.1074143842,0.4369061916,0.4278753787,0.4362210719,0
0.4329903947,0.03668848459,0.4341851238,0.4317449515,0.4363885505,0
0.4389007754,0.07214850507,0.435234027,0.4268138811,0.4351552984,1
0.436685331,0.07855168842,0.437164617,0.4282216829,0.4342113276,0
0.4416473195,0.05372822485,0.4377726768,0.4343714429,0.4438337393,1
0.4393408294,0.07769880269,0.437255826,0.4285981004,0.4323842875,0
0.4416928423,0.05064210165,0.4340027059,0.4297424099,0.4357338611,0
0.436958468,0.06111397247,0.4383503337,0.4312178163,0.4389920828,0
0.4397808834,0.07030637353,0.4361309153,0.4324773095,0.43795676,1
0.4390221696,0.1046484107,0.4191964489,0.4293659923,0.4217784714,0
0.4206157721,0.07592546289,0.4052414758,0.4091598962,0.4108404385,0
0.4098116872,0.05119149444,0.4087074168,0.4044320913,0.4080085262,0
0.4086584422,0.1063465596,0.3941899883,0.4018573949,0.3968026797,0
0.3869288782,0.1169352164,0.4001793777,0.391543553,0.3885962241,0
0.4035750596,0.02038202091,0.4010610644,0.3962864146,0.4015529842,1
0.4070044461,0.05786833902,0.4168250156,0.4087834786,0.4080694275,0
0.4168677258,0.02464908453,0.4122341638,0.414249062,0.4148553593,1
0.4143791445,0.009077403121,0.4125685967,0.4065400298,0.4142813642,0
0.4164276718,0.0418701677,0.4147880151,0.4074133186,0.4162606577,0
0.4214351831,0.06413789138,0.4200781357,0.4124658966,0.4140073082,0
0.4242575985,0.03981846135,0.4214766733,0.4154385415,0.4234013398,0
0.4208889091,0.06632078196,0.411534895,0.4139479279,0.4127436054,0
0.4157296551,0.1795433151,0.4270100178,0.4187597492,0.41886419,0
0.4264275201,0.1031862806,0.4223583601,0.4219882076,0.4228684531,1
0.4252439265,0.1104480901,0.422449569,0.4234938779,0.4245280146,0
0.4237720217,0.1501477893,0.4171290455,0.4240658821,0.4235079172,0
0.4134079908,0.148223597,0.4036605202,0.4042965809,0.4098285627,0
0.4134383393,0.1217663534,0.3959989663,0.4015562609,0.40170676,0
0.3939090454,0.09036975038,0.3845674414,0.3846174694,0.3837545676,0
0.3859728987,0.1157966238,0.3671161242,0.3743487976,0.3663520097,0
0.3676423726,0.1094590325,0.3727862822,0.3705394516,0.3686967113,0
0.372816801,0.08152836596,0.3621148321,0.3631164967,0.3619366626,1
0.3545773205,0.08704440887,0.3421704696,0.3482103602,0.3470158343,0
0.3506623572,0.2343038865,0.3617043917,0.3570185318,0.3377656821,0
0.3660187251,0.1749817928,0.3809038809,0.3768030402,0.3648751523,1
0.3854417991,0.1025009982,0.3831232993,0.3850992839,0.3852923264,1
0.3814964872,0.1552581398,0.3655959746,0.3866501244,0.3724421437,0
0.3715421617,0.00566501325,0.3720718119,0.3647727341,0.3735383678,0
0.3704951366,0.08942718132,0.3773467309,0.3697150971,0.3655146163,1
0.38154201,0.1002372703,0.3847954639,0.3827805516,0.3834043849,1
0.3829532177,0.07502232438,0.3695635651,0.3718493848,0.3736601705,1
0.3698122942,0.09423168622,0.3828800754,0.3798294377,0.3727466504,0
0.3860335958,0.07258054726,0.3761154098,0.3763663958,0.3791869671,1
0.3757909592,0.08855152185,0.3582992566,0.3668204458,0.3582978076,0
0.3667015675,0.1738927942,0.3457884256,0.3638937238,0.352908039,0
0.3326960137,0.293399278,0.3589073165,0.3540071911,0.3233252132,0
0.3599186659,0.1783000763,0.3603362571,0.3584188052,0.3580998782,1
0.3728774981,0.3958764674,0.4129790371,0.4041761273,0.3608404385,1
0.4073989773,0.1954247005,0.3959077573,0.4042611977,0.3905146163,1
0.4152896011,0.07850811719,0.4011674749,0.4108959341,0.4034866017,0
0.4031653541,0.09854843799,0.3876381436,0.3951722186,0.3918544458,0
0.3720580871,0.151014791,0.3513977775,0.3728431272,0.358375609,0
0.3722250042,0.1323807012,0.3766170591,0.3722258024,0.3712697929,0
0.3821945039,0.1297341487,0.393262697,0.3898421455,0.377998782,1
0.4048193502,0.1767011155,0.4003921986,0.4016466011,0.396406821,1
0.406230558,0.1782062523,0.4195156803,0.4127433916,0.4092874543,0
0.4226642995,0.3514579001,0.439095207,0.4407940303,0.4238885505,1
0.4226339509,0.2066456577,0.4279221075,0.4227259861,0.4207064555,1
0.4282787818,0.1052278234,0.4360397063,0.4279807756,0.428045067,1
0.4413286597,0.09860433715,0.451758053,0.442585778,0.4414738124,1
0.4495834661,0.109722248,0.4338506909,0.4403272725,0.4409866017,1
0.4287340101,0.06915112414,0.41880121,0.4167183613,0.4245127893,0
0.4250921837,0.1155929777,0.4314184516,0.4234487078,0.4276035323,0
0.4320571767,0.1162935052,0.4246689874,0.4244424503,0.4300471985,1
0.4224973824,0.1429583475,0.4079321405,0.4198953258,0.4116702192,0
0.3992807393,0.05310429984,0.3956949364,0.396165961,0.3993909866,0
0.3971108177,0.03051764978,0.3985072131,0.3933051873,0.3971071864,0
0.3965948923,0.07842784448,0.3978535488,0.3891947073,0.3925395859,1
0.4086584422,0.03838738629,0.4017147287,0.3995988894,0.4063337393,1
0.4039999393,0.07944814539,0.4061231625,0.4058474214,0.4040803898,0
0.4083549567,0.05968101528,0.3925178238,0.4014809774,0.396909257,1
0.3918756923,0.03813386382,0.3954821154,0.3868458615,0.3891138855,0
0.3945767136,0.05078796647,0.3944788167,0.3880805112,0.396406821,1
0.3939849168,0.0875601116,0.3949500631,0.3904745271,0.3965742996,0
0.3939242197,0.06315833852,0.3899639725,0.3854154747,0.3923721072,1
0.3880517746,0.07052244168,0.3872581062,0.3814329766,0.3872107186,0
0.3952292074,0.09938287888,0.3904200173,0.3887731196,0.3941991474,0
0.3917694724,0.07368799063,0.3981879817,0.3960906775,0.3944153471,0
0.4017086235,0.05467822832,0.3927306447,0.3900830528,0.3955389769,1
0.4039088936,0.05886699547,0.3891582932,0.3963766043,0.3945310597,0
0.3905555303,0.09453593201,0.4001641762,0.3914833262,0.3926461632,0
0.4098116872,0.08321032851,0.406016752,0.4008034257,0.4095158343,1
0.4102820898,0.09002927366,0.3959989663,0.4021886424,0.4008221681,0
0.3936055599,0.0601402542,0.3848410684,0.3830816856,0.385385201,0
0.3863067328,0.04217949523,0.3792773209,0.3773149682,0.3857338611,0
0.3776422209,0.06067468409,0.3844762325,0.3783237673,0.3795076127,0
0.3824676409,0.1430240337,0.3804174331,0.3719246683,0.3798416565,1
0.3868378325,0.07695282176,0.3699892069,0.3780226332,0.3726857491,0
0.3727712781,0.05331123968,0.3650031163,0.3688079307,0.3713915956,0
0.3685224807,0.08158407691,0.3724062448,0.3666088991,0.3663520097,0
0.3826800807,0.07371067026,0.3581928462,0.3727377303,0.3636116017,1
0.3684769579,0.1272957594,0.3809494854,0.3771869862,0.372228989,0
0.392239875,0.0697742022,0.3938555554,0.3878847741,0.3934226553,1
0.3998725361,0.03450418241,0.3959989663,0.3914682695,0.3974116931,1
0.3994628306,0.0860735138,0.3860419865,0.3903691301,0.3894945189,0
0.3863826042,0.05114698215,0.3853731207,0.3782031631,0.3855511571,0
0.3823158981,0.03743512427,0.3796573583,0.3738368697,0.3792935445,0
0.3796907482,0.06782375427,0.3762522232,0.3709309259,0.3809378806,0
0.3827863007,0.05671873602,0.3797789703,0.3790254097,0.3831607795,0
0.3874296293,0.0301435771,0.378882082,0.379814381,0.3828182095,0
0.3834691431,0.05999184851,0.3792773209,0.3814554111,0.3816534714,0
0.3832718775,0.03760799761,0.3762370217,0.3751468029,0.3775953106,0
0.3836208859,0.05122640789,0.3816791572,0.3790766025,0.3835109622,0
0.3873234094,0.0374668381,0.3891278902,0.381997603,0.3906897077,0
0.3874296293,0.039825237,0.3857683596,0.3791368293,0.3880484166,1
0.3923916177,0.03140102597,0.3883982184,0.3829913454,0.3927375152,0
0.3955478673,0.01803632636,0.3960141678,0.3916640066,0.3986297199,0
0.3992048679,0.03711958572,0.3919249654,0.3885773824,0.3933465286,1
0.3950015933,0.04711085548,0.3964550112,0.3888333464,0.3932155907,0
0.4030439599,0.03867394008,0.4016995272,0.3986352604,0.403364799,1
0.4042275535,0.02000117256,0.3982791907,0.3924695403,0.4038063337,0
0.4067009605,0.04183205463,0.4035997142,0.4020380754,0.4077192448,0
0.4064429978,0.02421694823,0.4016995272,0.3976148676,0.4074269184,0
0.4058056782,0.07446013312,0.3976711308,0.4008184824,0.4040651644,0
0.4020121091,0.05453179886,0.3990392655,0.3913177025,0.4002908039,0
0.4027101258,0.1197272573,0.3865436359,0.3919350273,0.3915347138,0
0.3866102184,0.05766356364,0.3841722025,0.3784291642,0.3861373325,0
0.3889925798,0.07114090852,0.3765106486,0.3771342877,0.3831303289,0
0.3857908074,0.1181598221,0.3788060745,0.3810942008,0.3846985384,0
0.3885373515,0.204255545,0.3672529377,0.3880052277,0.3744062119,0
0.3823310724,0.310821937,0.3849170758,0.3851745674,0.3830542022,0
0.3476123276,0.2772200461,0.3458948361,0.3401550238,0.3412302071,1
0.3413301771,0.09240395296,0.3325783257,0.333846265,0.33772838,0
0.3362467944,0.06171211234,0.3337336394,0.3296755582,0.3335718636,0
0.3382953218,0.0474691183,0.3362114832,0.3310607749,0.3384896468,0
0.3428020819,0.06865226645,0.3380204612,0.3320093472,0.3370584653,0
0.3365654542,0.04658320125,0.3357402368,0.3296755582,0.3359485384,0
0.340450069,0.07121101774,0.3311341836,0.3303380531,0.3378806334,0
0.3340313501,0.06570918488,0.3198242707,0.3225989075,0.3255481121,0
0.3292059301,0.07128714977,0.3089095967,0.321304031,0.3136571255,0
0.3080681629,0.07060713738,0.3135004484,0.305660116,0.3104065164,0
0.3097373333,0.03973480081,0.3071918277,0.3003450996,0.3088459196,1
0.3037131455,0.03821931237,0.3102929328,0.3030402496,0.3070493301,0
0.3092669307,0.07612158049,0.3034522597,0.301444239,0.3056181486,1
0.3008452072,0.05456435965,0.2866242038,0.2917627786,0.2924177832,0
0.2864903416,0.09849978501,0.2736269249,0.2755015388,0.2759668088,0
0.2709063595,0.07306773576,0.2714683125,0.2641939544,0.2634515834,0
0.2745633602,0.08317654433,0.2591551009,0.2694336873,0.2647838002,1
0.2695861975,0.08805115846,0.2683976103,0.2622968098,0.2644640682,0
0.276748456,0.07690031043,0.2625298329,0.2678828468,0.2694124543,0
0.2659595454,0.1007008381,0.2522992262,0.2553406127,0.256501218,0
0.2538352984,0.1321453412,0.2485444568,0.2479766802,0.253090743,0
0.2476593678,0.1545678698,0.242418254,0.2372876252,0.2402862363,0
0.22978407,0.198073888,0.2303026618,0.2251970922,0.2254933009,0
0.2403453665,0.3684940643,0.2366416855,0.2509440553,0.2409713764,1
0.2807848136,0.1542365214,0.2705106182,0.2698402183,0.2616017052,0
0.2740929576,0.06163381587,0.2729580591,0.2681990376,0.2708616017,0
0.2717864676,0.08823532456,0.2719547603,0.271074868,0.2692295981,0
0.2684026039,0.1461868536,0.2725172157,0.2706382235,0.2713611449,1
0.2653829229,0.2701319568,0.2875362936,0.2801841736,0.2638116626,1
0.2936677744,0.1368714555,0.29705243,0.2919735725,0.2863580999,1
0.3066569551,0.06457228623,0.3032698418,0.3015044658,0.3077496955,1
0.3056706272,0.0730815694,0.2994390648,0.3007365739,0.3013702801,0
0.3058071956,0.06850715448,0.2994846693,0.3052084149,0.3065316687,0
0.3074004947,0.06462903235,0.3039843121,0.3058859666,0.306409866,0
0.3213153063,0.04332768664,0.3091528206,0.3113816633,0.3154021011,0
0.320860078,0.09938589028,0.3108097837,0.3099211631,0.31272838,0
0.3032123943,0.07614378959,0.3045467674,0.2999987955,0.30659257,0
0.3030606516,0.09775126321,0.3122539258,0.3044104096,0.3036388551,1
0.3118465577,0.06575219148,0.318881778,0.3113063798,0.3126979294,1
0.3240770246,0.07654995254,0.3237918611,0.3166213962,0.3181942753,1
0.3297673783,0.06815604374,0.3268777648,0.322930155,0.3280755177,0
0.3321497398,0.1506769492,0.3226365474,0.3267244443,0.3289890378,0
0.3275064111,0.1361908785,0.3108857912,0.3180005902,0.3179354446,0
0.3145475789,0.09847399988,0.3091528206,0.3095598022,0.31227162,0
0.3162926207,0.1037585412,0.305945305,0.3083251525,0.3113957065,0
0.3084323455,0.1317116992,0.2848152258,0.2984780684,0.2918392205,0
0.2843811171,0.07520630226,0.2843135765,0.284186396,0.2877588307,0
0.2927269692,0.1222071474,0.276849642,0.2888568348,0.2821863581,0
0.2784328007,0.1074378167,0.2779745527,0.2759381832,0.2765225335,0
0.2880077692,0.1165421342,0.2799659486,0.2843699372,0.2823538368,0
0.2874007982,0.1385866376,0.2986941915,0.2993061871,0.2876522533,0
0.3029696059,0.07429657631,0.2882659654,0.2947289492,0.2899969549,1
0.2943809654,0.07343456226,0.2925223842,0.29199149,0.2954933009,0
0.298144186,0.07847969708,0.3003207516,0.2958883154,0.2950974421,0
0.3011486927,0.1095058034,0.3099737014,0.3037629714,0.3008830694,1
0.3131211969,0.09800215071,0.2998495052,0.3022874144,0.3053288672,1
0.2975220406,0.09247537966,0.2926287947,0.2950752534,0.2966199756,0
0.2948210194,0.1224591642,0.2719243574,0.2847614115,0.278512028,0
0.2801171454,0.1085043238,0.2708906556,0.2703971657,0.2748781973,0
0.2714222849,0.1096841349,0.2599303771,0.2665277435,0.2646619976,0
0.2663540766,0.09543078917,0.2696289315,0.2636519131,0.2692143727,0
0.2752310284,0.105191122,0.2707842452,0.2678677901,0.2676918392,1
0.2673404045,0.1843882858,0.2602496086,0.2633206656,0.2646467722,0
0.2643207235,0.2195093352,0.2869434352,0.28823951,0.2654841657,0
0.2868090014,0.2416351465,0.2854688901,0.2804250809,0.2697702497,1
0.290299085,0.208154747,0.3130292021,0.3056992634,0.2860024361,0
0.3130756741,0.1345469349,0.298861408,0.3029348527,0.3051309379,1
0.306429341,0.5102893516,0.3143669337,0.3212889743,0.3021163216,0
0.3676878955,0.232242299,0.3585728836,0.357921934,0.3568361754,1
0.3578701385,0.09406427105,0.3625556755,0.3544310373,0.3575365408,0
0.3597820974,0.1412290495,0.3800525972,0.3721505189,0.356501218,1
0.3790230801,0.09692726813,0.3662952435,0.3693650287,0.36863581,1
0.3674754556,0.1204409597,0.3564446742,0.3587500527,0.3616227162,0
0.3586743752,0.05710683055,0.3564902786,0.3531941291,0.3616397686,0
0.3564285823,0.1110618517,0.3491175532,0.348782515,0.3487834957,0
0.3433331816,0.0774078259,0.3321526838,0.3328976927,0.3286084044,0
0.3327263623,0.06508074277,0.3397838347,0.334659327,0.3362819732,0
0.3373545166,0.07176982117,0.3412279768,0.3353368787,0.3355207065,1
0.3390692099,0.08706210087,0.3433561862,0.3376705172,0.3366321559,1
0.3472784935,0.04940093318,0.3287627503,0.3365263583,0.3355359318,1
0.3353059893,0.05680202012,0.3321526838,0.3313468522,0.3352466504,0
0.3466715224,0.05712169935,0.3504856878,0.3464035558,0.3459957369,0
0.3536820382,0.09871914688,0.3330647736,0.3426996067,0.33772838,1
0.346155597,0.112119701,0.3492543666,0.3434674986,0.343727162,0
0.3546228434,0.1181086283,0.3505464938,0.3540523612,0.3556029233,1
0.3458824601,0.1293991301,0.3269689737,0.3380470853,0.325182704,0
0.3288265732,0.07280009734,0.3303133028,0.3256102482,0.3308769793,0
0.3315124201,0.09817652975,0.3230469878,0.3237386999,0.328593179,1
0.3357005205,0.08506337638,0.338780536,0.3357432591,0.3364342266,0
0.3397824009,0.069830666,0.331331803,0.334659327,0.3384287454,1
0.3418157539,0.1231607269,0.3298724595,0.3308951511,0.3324234166,0
0.3350025038,0.2310283272,0.3380204612,0.330142316,0.3298568819,0
0.3352756407,0.1253815424,0.329796452,0.3317533832,0.3362058465,1
0.332711188,0.1029701183,0.3144733442,0.3233216293,0.3187119367,0
0.3209359494,0.1123222178,0.3153094264,0.3155222568,0.3191077954,0
0.3242135931,0.111965743,0.31514221,0.3203554587,0.3196863581,0
0.3186446336,0.1356016787,0.3047899913,0.307436807,0.3074680268,0
0.2974006464,0.2167651944,0.2867306143,0.2916573817,0.2865103532,0
0.2858985448,0.08398407081,0.2720611708,0.2754563687,0.2722594397,0
0.2687971351,0.1456843258,0.2570420929,0.2726106517,0.2590742996,0
0.270602874,0.2313925188,0.2848760318,0.279086841,0.2614494519,0
0.294472011,0.1359042306,0.2971740419,0.2917326652,0.2905602923,1
0.2967936754,0.1345471231,0.3027833939,0.2961894495,0.2905602923,1
0.3065507352,0.1037313445,0.3032698418,0.2970175682,0.2996650426,1
0.3064900381,0.1525826025,0.2798899412,0.2952258204,0.281044458,0
0.2745633602,0.1836006157,0.2748734475,0.2833009112,0.277862363,0
0.2856405821,0.1613511487,0.2874298831,0.2871253139,0.2827040195,1
0.2866724329,0.1047598326,0.2744022012,0.2759080698,0.2670599878,1
0.2772795557,0.1349517804,0.2575437423,0.2669041611,0.2521315469,0
0.2716498991,0.1392161149,0.2765912166,0.279551792,0.2716199756,0
0.2877498065,0.1338025538,0.2857121141,0.2868392366,0.2852161998,1
0.279328083,0.09955782256,0.2668318563,0.2715423786,0.2723355664,0
0.2739260406,0.1273336842,0.2895884955,0.2854991899,0.2753501827,0
0.2906936162,0.1847117292,0.2728668501,0.281584447,0.2682704019,1
0.264290375,0.1872811145,0.2637155496,0.2638928204,0.2586327649,0
0.2512404971,0.1516725002,0.2595807427,0.2574937214,0.2488124239,0
0.2523178707,0.2347354581,0.2363832601,0.2508687718,0.2339943666,1
0.2538504727,0.1978027676,0.2544122342,0.2688765892,0.2541869671,0
0.2447307325,0.2897128505,0.2323092592,0.266753594,0.2338459196,1
0.2517564225,0.3495290966,0.2255141906,0.2428586055,0.2251522533,0
0.2530158875,0.4301726748,0.2802699786,0.2729117858,0.2511723508,0
0.2901018194,0.4357843297,0.3090616117,0.3075572606,0.284226553,1
0.3188418992,0.530713438,0.3811319034,0.3790766025,0.3126065773,1
0.3760489219,0.5470707191,0.4028396394,0.4022186053,0.3798264312,1
0.356853462,0.4270556847,0.3510937476,0.3540222478,0.347274665,1
0.3431207417,0.2764099788,0.322317316,0.3346441198,0.3221985384,0
0.3249267841,0.2011742212,0.3081647234,0.3176301953,0.3001979294,0
0.2779320496,0.1551521761,0.2951674445,0.29436006,0.2728532278,0
0.2977344805,0.07546556522,0.2954410714,0.2944278152,0.2912606577,1
0.2956556046,0.1112858248,0.3102321268,0.3115924572,0.296635201,0
0.3162622722,0.1395341002,0.3102625298,0.3092586681,0.3120295371,1
0.2879470721,0.1772827868,0.2777009258,0.2957979752,0.2729598051,0
0.275595211,0.2742652954,0.2570724959,0.277218003,0.240682095,0
0.2806634194,0.1635120184,0.2794034933,0.2819307512,0.2713612972,0
0.2695255004,0.2895571045,0.2626666464,0.2770523793,0.2591199756,0
0.300283759,0.1598181564,0.2825654044,0.2999159836,0.2647990256,0
0.2787969834,0.1853765905,0.3212836143,0.3192111492,0.2792783191,0
0.3175065629,0.1395411582,0.3073438426,0.3101921838,0.307759592,1
0.3022715892,0.1470196947,0.2996366842,0.2952935756,0.2867844093,0
0.2999044021,0.1808909179,0.3221957041,0.316937587,0.3011875761,0
0.3179921397,0.2289941247,0.3204627335,0.3248724697,0.3104141291,1
0.3441374182,0.1332980497,0.3199914872,0.3379416884,0.3254263094,1
0.3425592935,0.13383455,0.3449979478,0.3451990195,0.340225335,0
0.341436397,0.2582395509,0.3397534317,0.3332439969,0.3289855359,1
0.3672933643,0.0915566195,0.3800373957,0.3715482507,0.3702192448,0
0.3856845875,0.07211283877,0.3908304577,0.3837441806,0.3832521315,1
0.3941821824,0.1163926933,0.3757657754,0.387327676,0.3825365408,1
0.3728016267,0.09301009187,0.3548333156,0.3617463367,0.3567904994,0
0.3513907224,0,0.3497104115,0.3442203338,0.3523751523,0
0.3542890093,0.09782353688,0.3556693979,0.348526551,0.3483861145,0
0.3538186067,0.07887964901,0.3529027256,0.34949018,0.3507155907,1
0.350434743,0.09385337875,0.3445114999,0.3421876788,0.3422959805,0
0.337597305,0.2459641321,0.3450891568,0.3484060974,0.3394792935,0
0.3529536729,0.0963520902,0.3692747366,0.3612795789,0.355998782,1
0.3660945964,0.1373101793,0.3503944788,0.3581327279,0.3414357491,1
0.3438035842,0.2008206637,0.3549549276,0.3543534953,0.3468788063,0
0.350434743,0.1779132052,0.3379140507,0.3402754774,0.3181942753,1
0.3369296369,0.1596100873,0.3369563565,0.335728353,0.3373477467,0
0.3529991958,0.1374716658,0.3547269051,0.3509958504,0.3481272838,1
0.3562616652,0.2042818007,0.3643342505,0.3636133679,0.3377299026,1
0.3725891868,0.1225058409,0.362388459,0.3644716,0.3639159562,1
0.3739245231,0.1208431702,0.3774075369,0.3703888845,0.365271011,0
0.3793265656,0.2097602952,0.3551069425,0.3700275237,0.3575213155,1
0.3576728729,0.1940866025,0.3747320736,0.3707878872,0.3508678441,0
0.3726043611,0.1571103407,0.3791253059,0.3812673529,0.3711632156,1
0.379675574,0.1510034041,0.3460012465,0.370720132,0.3524969549,1
0.342589642,0.1428873913,0.3485855008,0.3496106336,0.3442295981,0
0.3542131379,0.02929577311,0.3480534485,0.3473220147,0.3536997564,1
0.3510113655,0.05599336437,0.3475670006,0.3451990195,0.3515225335,0
0.3512086311,0.1700009326,0.353434778,0.3501361126,0.3386875761,0
0.3628928241,0.08351156289,0.3617195932,0.3613209848,0.3602923264,1
0.3638336292,0.1586360867,0.3451195598,0.354112588,0.346863581,0
0.3362316202,0.07528902173,0.3332775945,0.330142316,0.3383830694,0
0.3386443301,0.1088579754,0.3163127252,0.3292539705,0.3225030451,0
0.3163381436,0.09224547788,0.318912181,0.3148522335,0.3164540195,0
0.3218919288,0.1296006118,0.2981013332,0.3113063798,0.2986449452,1
0.303743494,0.145410194,0.318729763,0.3138057926,0.3068666261,0
0.3253364896,0.1232175672,0.3215116367,0.3238185005,0.3250076127,1
0.3316641629,0.07899172965,0.3237310551,0.3286366456,0.3274208283,0
0.3209207751,0.1015667105,0.3114786495,0.3129626172,0.3095616626,0
0.3157159982,0.1450834568,0.3202955171,0.3191659791,0.3109774665,0
0.3291755816,0.09254068946,0.3222717115,0.3202199483,0.3225182704,1
0.3253668381,0.1255262779,0.3191858079,0.3263480267,0.3262637028,0
0.3206021153,0.110906388,0.3078302905,0.3167418498,0.3147381242,0
0.3115734207,0.09769479941,0.3030570208,0.3040189353,0.3038063337,0
0.3099801217,0.1277900059,0.2911998541,0.2994567541,0.2903014616,0
0.2943506168,0.1299146446,0.2982989526,0.2940062275,0.2966961023,0
0.3036220998,0.08735750066,0.2903485703,0.2943977017,0.296635201,1
0.297597912,0.1554277194,0.2855296961,0.2864477623,0.2860840438,0
0.2908301847,0.1604475396,0.2856057036,0.2874113913,0.2883221681,0
0.2973399493,0.2053465198,0.2767432315,0.2957377484,0.2833130329,0
0.2809820792,0.5763717622,0.3161911132,0.3120742717,0.2836784409,0
0.2047920365,0.3262795615,0.1933630269,0.2033648721,0.1961479903,1
0.1908620507,0.1191053085,0.2046881413,0.2004589283,0.1926766139,0
0.2025007208,0.1854698499,0.2197224207,0.2137836593,0.196429659,1
0.2265064263,0.08831578548,0.2153747929,0.2169460187,0.2198538368,1
0.2205884584,0.1019631805,0.2198288312,0.2141605286,0.2162302071,0
0.2198904417,0.12286608,0.2054634176,0.2113900951,0.2120584653,0
0.2038360571,0.08343232536,0.2032592007,0.205758888,0.2035170524,0
0.2055659246,0.1203413011,0.1879664959,0.203383693,0.1948386114,0
0.1970228069,0.07042372413,0.1863551373,0.1893621378,0.1885353228,0
0.1923794783,0.1055339514,0.1831780247,0.1855829052,0.1829141291,0
0.1856269252,0.1557240603,0.1852454282,0.1832641729,0.1680572473,0
0.1904826937,0.147305872,0.1972242069,0.1925375966,0.178090743,0
0.1951563709,0.1607199775,0.1814146512,0.1904913906,0.1847586784,1
0.1891321831,0.1199893434,0.1710168281,0.1810960076,0.1702496955,0
0.1670384364,0.2027067429,0.1333171184,0.1575021531,0.133906821,0
0.1433362164,0.1260083847,0.1350956934,0.1345406802,0.1289129111,0
0.1389811991,0.1774404149,0.127358132,0.1295267979,0.1302527406,0
0.1185717971,0.1677767293,0.1182372345,0.1238654774,0.1142509135,0
0.1184504029,0.2438737481,0.1380903881,0.1383274411,0.1129719854,0
0.1443680673,0.1548906546,0.1676268945,0.1611609321,0.1458891596,1
0.1653540917,0.1610040845,0.1476673305,0.1574720397,0.1480207065,1
0.1601341406,0.088780859,0.1558913397,0.159896169,0.159591961,0
0.1606348917,0.1914431555,0.1634160801,0.1578183439,0.1526339829,0
0.1799820944,0.1185099918,0.1746651871,0.1712790369,0.16863581,1
0.1705892172,0.4325212866,0.1782983446,0.1765639398,0.1702801462,0
0.1913021047,0.1630092082,0.1798184941,0.1929757467,0.1824604141,1
0.1808015053,0.07048818697,0.1762917471,0.1734773156,0.1783495737,0
0.1795268661,0.146354457,0.1629600353,0.1746065683,0.1653471376,0
0.1614694769,0.1105180112,0.1614398857,0.155273761,0.1587241169,0
0.1653085689,0.07957443609,0.1523949957,0.1551533074,0.1556638246,0
0.1586015387,0.1295007649,0.1422860009,0.1527141214,0.146543849,0
0.145506138,0.1103361977,0.1546296156,0.1562675034,0.1437576127,0
0.1484499476,0.1647109331,0.1413587097,0.1408946091,0.1354141291,1
0.1272666576,0.1467875343,0.1223720414,0.1215618017,0.121909257,0
0.1356883811,0.1158098928,0.1482145843,0.1460138883,0.1334368149,0
0.1479643708,0.1926129914,0.1308696776,0.1379284385,0.1286997564,1
0.1228509431,0.2985637397,0.1259595944,0.1357000464,0.1201583435,0
0.1538975129,0.1547997478,0.1642369609,0.1702401243,0.1560596833,1
0.1723039104,0.1363219686,0.1722633507,0.1718662483,0.1665347138,1
0.1832749124,0.2784308182,0.182265935,0.1819692964,0.162637028,0
0.1696332377,0.3444341795,0.1381055896,0.1640819326,0.1276948843,0
0.09898180604,0.2818195874,0.1450374717,0.1426110733,0.1003806334,0
0.1104383849,0.4893585025,0.08132800268,0.1374165106,0.07592874543,1
0.1451419554,0.3514347499,0.1828435918,0.1766392233,0.1479141291,0
0.1972655954,0.2189670945,0.2066795373,0.2111793012,0.1944579781,1
0.2186158025,0.1510446227,0.2084125078,0.2172170394,0.2116473812,1
0.2113776726,0.08737218124,0.2164693006,0.2127000283,0.2105359318,0
0.2185702797,0.04924866912,0.2087165377,0.208755172,0.2071559074,1
0.2128799259,0.0512041988,0.20599547,0.2064590247,0.209317905,0
0.2118632494,0.1204522525,0.2125518751,0.2134528635,0.207796894,0
0.2165824494,0.226930655,0.2182630771,0.2142056987,0.2087545676,1
0.2184337112,0.4224623544,0.2275663925,0.2291118352,0.2117691839,1
0.1773872931,0.1060214222,0.1823875469,0.1817434458,0.1767189403,1
0.1797696545,0.08245766603,0.1835276591,0.1805991363,0.1743757613,1
0.1909682706,0.09833425197,0.1907787726,0.1846629406,0.1782429963,1
0.192637441,0.169814602,0.1745587766,0.1883985088,0.1796285018,0
0.1705892172,0.09030773431,0.1655746925,0.1687495107,0.1704933009,0
0.1735633754,0.07285863148,0.1608926318,0.1661079626,0.1677222899,0
0.1650657805,0.1108631932,0.1700743353,0.165888737,0.1679658952,0
0.1756574255,0.08893641677,0.1679765289,0.1693668355,0.1627131547,1
0.1746559233,0.09842798188,0.1661523494,0.1665662886,0.1636266748,0
0.1686924326,0.1116534982,0.1722785522,0.1657682834,0.1646315469,0
0.1675695361,0.2020065918,0.1542951826,0.1679816188,0.1603532278,1
0.1619550538,0.2912465015,0.1938190718,0.1888652666,0.1634287454,0
0.1933961548,0.2340247671,0.2155116063,0.2121429303,0.1915651644,1
0.2204367157,0.2993141436,0.2149339495,0.2347430423,0.2189707674,1
0.2207402012,0.2668967692,0.2062994999,0.2262510615,0.2118148599,0
0.2218327491,0.5015744461,0.2124257027,0.2200476996,0.2098507917,0
0.2368704572,1,0.196859371,0.2284613856,0.1976552984,0
0.09562829092,0.3794827671,0.06934922396,0.08724757437,0.07585261876,0
0.06584118602,0.1181073108,0.06176367755,0.06590153518,0.06335261876,0
0.06717652236,0.2544692746,0.04143927762,0.06491652564,0.04800548112,0
0.04509794996,0.1578527456,0.02033960142,0.03670222056,0.02621817905,0
0.02018178783,0.1343582517,0.01032181567,0.0147947169,0.01578867235,0
0.005842096478,0.1235552207,0.005502941489,0.001559874487,0.007871498173,0
0,0.07209947567,0.002356231853,0,0.001415956151,0
0.01242773251,0.1005478212,0.005518142985,0.005188540042,0,1
0.00915008877,0.07070811348,0,0.003788266612,0.005816077954,0
0.009969499704,0.06667904479,0.002401836341,0.002884864399,0.008982947625,0
0.00760231256,0.1349460399,0.007950382318,0.004450761568,0.004644488429,0
0.005584133776,0.160645257,0.009911375279,0.005293936967,0.008099878197,1
0.00711673571,0.1325147086,0.008376024201,0.008847319003,0.008160779537,1
0.02254897498,0.1488203253,0.02699785659,0.02262420275,0.02461936663,1
0.02792066888,0.07577338705,0.02944529742,0.02735200766,0.03052679659,1
0.03188115507,0.071459929,0.03116306645,0.02599690434,0.03118148599,1
0.03588716408,0.06294697569,0.0306158126,0.0282539042,0.03055724726,0
0.03241225475,0.06740949817,0.03053980512,0.03162811147,0.03402862363,0
0.03013611326,0.1283321525,0.02692184911,0.02336198122,0.02714677223,0
0.03019681037,0.1228301314,0.0174817202,0.02321141419,0.02376674787,0
0.01886162577,0.06981655005,0.01500387638,0.01241575774,0.01510353228,0
0.01717728107,0.0512413708,0.01352933129,0.0103980089,0.01580389769,0
0.0157357248,0.104030038,0.01292127145,0.008380561193,0.01342874543,0
0.02352012868,0.04030254434,0.01839380995,0.0156378923,0.02280755177,0
0.02697986373,0.06412490471,0.02876883085,0.02446112058,0.02716199756,0
0.03013611326,0.1210726955,0.01498867489,0.02352760496,0.02157429963,1
0.01496183669,0.08723177459,0.01225240564,0.009735664513,0.01192143727,0
0.01517427657,0.09379926761,0.02099326574,0.01714356266,0.01683922046,0
0.02503755633,0.07978194056,0.02561452047,0.02178102735,0.02640073082,1
0.03015128754,0.07705624463,0.02775793138,0.02688524985,0.02914129111,1
0.03562920138,0.1119501214,0.03102625298,0.03126675058,0.03338915956,0
0.03391450813,0.1326426932,0.0204156089,0.03051391541,0.02458891596,0
0.02603905859,0.1292111997,0.02628338629,0.0211637025,0.02219853837,0
0.02318629459,0.194162264,0.02716507304,0.02393413596,0.02477161998,1
0.03482496472,0.04729229249,0.02813796878,0.02691536326,0.03207978076,1
0.034840139,0.09387671712,0.02021798945,0.02682502304,0.02516747868,0
0.0235049544,0.1766600852,0.02830518523,0.02449123399,0.02238124239,0
0.03532571585,0.06096603731,0.03139108888,0.03230566313,0.03704323995,1
0.03896754222,0.08791489249,0.0280467598,0.03177852794,0.03166869671,0
0.03405107661,0.0850102063,0.02886764058,0.03039346178,0.02708891596,0
0.03115278979,0.1352133019,0.02201176596,0.02699064678,0.02719244823,0
0.02347460585,0.1387027649,0.01901707128,0.01819753191,0.02081303289,0
0.02582661872,0.1353122077,0.02991654379,0.02490423937,0.02314250914,0
0.03273091455,0.08222842299,0.02169253455,0.02449123399,0.02623325213,1
0.01940789973,0.06830068518,0.01681285438,0.01744695523,0.02051613886,0
0.01852779169,0.1040775617,0.01839380995,0.0157717464,0.01534713764,0
0.02863385988,0.03550086263,0.02868522263,0.02897813164,0.03078562728,0
0.03245777758,0.09410238412,0.02607056534,0.02772842525,0.03169914738,1
0.0210467216,0.0956838411,0.006825471626,0.01614982022,0.01000304507,0
0.01121379038,0.09783689998,0.0178465561,0.01452369624,0.008990560292,0
0.02119846436,0.08030056058,0.02844199869,0.02560543005,0.02315864799,1
0.03634239238,0.07308363974,0.02892844656,0.03212498268,0.0302679659,1